inventory_id,fig_num,quantity
58,fig-002524,1
58,fig-004083,1
58,fig-004084,1
58,fig-004085,1
89,fig-001714,1
89,fig-004139,1
89,fig-004140,1
89,fig-004141,1
89,fig-004142,1
234,fig-003982,1
234,fig-004081,2
234,fig-004082,1
245,fig-002330,16
245,fig-003687,2
245,fig-003688,2
245,fig-003689,1
302,fig-000510,1
427,fig-003778,1
427,fig-003779,1
427,fig-003780,1
433,fig-003807,1
433,fig-003808,1
433,fig-003809,2
454,fig-000124,1
454,fig-003536,1
454,fig-003537,1
454,fig-003538,1
454,fig-003539,1
454,fig-003540,1
457,fig-000504,1
477,fig-001147,1
523,fig-000806,1
523,fig-003781,1
523,fig-003810,2
523,fig-003811,1
591,fig-001293,1
599,fig-001529,1
621,fig-000144,1
621,fig-002473,1
621,fig-003893,1
621,fig-004046,1
621,fig-004047,2
621,fig-004048,2
621,fig-004049,1
621,fig-004050,1
621,fig-010458,1
621,fig-010459,1
621,fig-010460,1
621,fig-010462,1
637,fig-001516,1
687,fig-003798,1
687,fig-004025,1
687,fig-010457,1
701,fig-004119,1
701,fig-004120,2
766,fig-000054,1
766,fig-000078,1
766,fig-000124,1
766,fig-000235,1
766,fig-000837,1
766,fig-001063,1
766,fig-003798,1
766,fig-003799,1
780,fig-000259,1
788,fig-003612,4
788,fig-003668,3
831,fig-004198,1
831,fig-004199,1
831,fig-004200,1
831,fig-004201,1
875,fig-000610,1
1116,fig-004063,1
1116,fig-004205,1
1116,fig-004206,1
1116,fig-004207,1
1116,fig-004208,1
1253,fig-003697,1
1369,fig-003517,1
1369,fig-003622,1
1369,fig-003623,1
1393,fig-003913,1
1393,fig-003916,1
1393,fig-003919,1
1393,fig-003921,1
1393,fig-003922,1
1393,fig-003923,1
1422,fig-004033,2
1422,fig-004034,2
1520,fig-004214,1
1520,fig-004215,1
1520,fig-004216,1
1520,fig-004217,1
1520,fig-004218,1
1566,fig-002057,1
1566,fig-002543,1
1566,fig-002544,1
1566,fig-002545,1
1599,fig-003722,1
1599,fig-003724,1
1599,fig-010437,2
1668,fig-003534,1
1668,fig-003621,1
1700,fig-003690,1
1700,fig-003839,1
1700,fig-003840,1
1700,fig-003841,1
1787,fig-003680,1
1787,fig-003681,1
1787,fig-003682,1
1787,fig-003684,1
1787,fig-003685,1
1800,fig-003679,2
1800,fig-003826,1
1800,fig-003827,1
1828,fig-003613,1
1828,fig-003615,1
1840,fig-000303,1
1840,fig-000806,1
1840,fig-003711,1
1976,fig-000064,1
2041,fig-003612,2
2041,fig-003709,1
2041,fig-003710,1
2041,fig-003711,1
2062,fig-002524,1
2062,fig-003938,1
2062,fig-004047,1
2062,fig-004131,1
2062,fig-004737,1
2062,fig-004738,1
2062,fig-010464,1
2062,fig-010465,1
2062,fig-010466,1
2161,fig-003798,1
2224,fig-000824,1
2261,fig-001199,1
2287,fig-003787,1
2287,fig-003880,1
2287,fig-003881,1
2346,fig-002514,1
2346,fig-004047,1
2346,fig-004048,1
2346,fig-010443,1
2508,fig-003645,1
2508,fig-003646,1
2535,fig-002544,1
2535,fig-004155,1
2535,fig-004156,1
2535,fig-004157,1
2540,fig-000124,1
2540,fig-003679,2
2540,fig-003698,1
2540,fig-003699,1
2540,fig-003700,1
2540,fig-003701,1
2540,fig-003702,1
2563,fig-003519,1
2563,fig-003520,1
2563,fig-003521,1
2563,fig-003522,1
2563,fig-010434,1
2563,fig-010436,1
2571,fig-004170,1
2571,fig-004171,1
2584,fig-000144,1
2584,fig-000768,1
2584,fig-000772,1
2584,fig-001101,1
2584,fig-001106,1
2584,fig-001330,1
2584,fig-001333,1
2584,fig-005759,1
2584,fig-014070,1
2611,fig-003536,1
2611,fig-003732,1
2618,fig-003712,1
2618,fig-003713,1
2618,fig-003714,1
2618,fig-003715,1
2618,fig-003716,1
2618,fig-003717,1
2696,fig-003875,1
2696,fig-003876,2
2713,fig-003512,2
2713,fig-003613,1
2713,fig-003614,1
2751,fig-003513,1
2751,fig-003624,1
2751,fig-003628,1
2751,fig-003629,1
2770,fig-002330,2
2770,fig-003668,1
2770,fig-003729,1
2770,fig-003742,1
2851,fig-000516,1
2851,fig-003679,1
2851,fig-003726,1
2855,fig-003769,1
2911,fig-004222,1
2911,fig-004223,1
2911,fig-004224,1
2998,fig-001714,1
2998,fig-002330,1
2998,fig-004024,1
2998,fig-014070,1
3028,fig-000837,1
3028,fig-003697,1
3033,fig-002687,1
3033,fig-003869,1
3033,fig-003893,1
3033,fig-003894,1
3118,fig-010438,1
3144,fig-003612,7
3165,fig-003762,1
3165,fig-003763,1
3165,fig-003764,1
3165,fig-003765,1
3165,fig-003766,1
3198,fig-004106,2
3198,fig-004107,2
3328,fig-000058,1
3328,fig-003977,1
3328,fig-012482,1
3328,fig-014070,2
3374,fig-003519,1
3374,fig-003547,1
3374,fig-003548,1
3374,fig-003549,1
3374,fig-003550,1
3374,fig-003551,1
3374,fig-003552,1
3374,fig-003553,1
3418,fig-001291,1
3466,fig-000772,1
3466,fig-001101,2
3466,fig-003870,1
3466,fig-003980,1
3466,fig-003981,1
3466,fig-010455,1
3571,fig-002330,2
3571,fig-003668,1
3571,fig-003729,1
3571,fig-003742,1
3575,fig-003720,2
3583,fig-003713,1
3583,fig-003943,1
3583,fig-003964,1
3589,fig-000581,1
3604,fig-002556,1
3604,fig-004237,1
3604,fig-004238,1
3604,fig-004239,1
3609,fig-000056,1
3646,fig-002330,2
3646,fig-003668,1
3646,fig-003834,1
3646,fig-003835,1
3648,fig-000272,1
3668,fig-003973,1
3668,fig-003992,1
3668,fig-003993,1
3668,fig-003994,1
3796,fig-004115,1
3796,fig-004195,1
3796,fig-004197,1
3796,fig-011288,1
3904,fig-002330,1
3904,fig-004040,1
3904,fig-004041,1
3904,fig-010457,1
4051,fig-000058,1
4051,fig-000332,1
4051,fig-000338,1
4051,fig-000466,1
4051,fig-000796,1
4051,fig-001257,1
4051,fig-002330,1
4051,fig-003800,1
4051,fig-003801,1
4092,fig-003538,1
4092,fig-003676,1
4092,fig-003677,2
4092,fig-003678,1
4092,fig-003679,2
4092,fig-010446,1
4094,fig-002687,1
4109,fig-002330,1
4109,fig-003873,1
4109,fig-004042,1
4109,fig-004043,1
4109,fig-014070,1
4141,fig-001810,1
4141,fig-004178,1
4141,fig-004179,1
4141,fig-011288,2
4184,fig-002506,2
4184,fig-003985,1
4184,fig-003987,1
4233,fig-002048,1
4233,fig-003718,1
4233,fig-003719,1
4328,fig-002330,2
4328,fig-004051,1
4328,fig-004102,1
4328,fig-004103,1
4370,fig-004109,1
4370,fig-004110,3
4413,fig-003801,1
4413,fig-003888,1
4413,fig-003889,1
4539,fig-000316,1
4578,fig-001135,1
4696,fig-000997,1
4696,fig-003513,2
4705,fig-003534,1
4705,fig-003535,1
4732,fig-000773,1
4813,fig-003767,1
4813,fig-003768,1
4813,fig-003769,1
4813,fig-003770,1
4813,fig-003771,1
4814,fig-003523,4
4828,fig-000809,4
4829,fig-000124,1
4829,fig-003509,1
4829,fig-003537,1
4829,fig-003561,1
4829,fig-003562,1
4854,fig-001297,1
4859,fig-003800,1
4859,fig-004021,1
4859,fig-004022,1
4859,fig-004023,1
4884,fig-001162,1
5059,fig-003557,1
5059,fig-003558,1
5070,fig-001109,1
5070,fig-003885,1
5070,fig-003886,1
5070,fig-003887,1
5153,fig-003538,1
5153,fig-003679,1
5153,fig-003959,1
5153,fig-003961,1
5172,fig-001227,2
5172,fig-004090,1
5172,fig-004105,1
5172,fig-004143,1
5172,fig-004144,1
5181,fig-004174,1
5181,fig-004175,1
5181,fig-004176,1
5181,fig-004177,1
5198,fig-000664,1
5339,fig-001496,1
5458,fig-000124,1
5458,fig-002687,1
5458,fig-003784,2
5458,fig-003812,1
5458,fig-003813,1
5458,fig-003814,1
5458,fig-003815,1
5458,fig-003816,1
5458,fig-003817,1
5458,fig-003819,1
5458,fig-003820,1
5516,fig-002687,1
5584,fig-002330,1
5584,fig-003793,1
5584,fig-003798,1
5674,fig-003669,1
5682,fig-003622,1
5682,fig-003696,1
5744,fig-003524,2
5744,fig-003525,1
5744,fig-003526,1
5754,fig-003967,1
5754,fig-003990,1
5754,fig-003991,1
5762,fig-003851,1
5762,fig-003852,1
5762,fig-003853,1
5762,fig-003854,1
5890,fig-003848,1
5890,fig-003849,1
5890,fig-003850,1
5920,fig-000303,1
5920,fig-002330,1
5920,fig-003668,1
5920,fig-003729,1
5920,fig-003730,1
5925,fig-000303,1
5925,fig-003612,1
5925,fig-003724,1
5925,fig-003731,1
5925,fig-003732,1
5925,fig-003739,1
5938,fig-000124,1
5938,fig-003757,1
5938,fig-003758,1
5938,fig-003759,1
5938,fig-003760,1
5938,fig-003761,1
5997,fig-001407,4
6000,fig-003612,2
6000,fig-003663,1
6000,fig-003665,1
6000,fig-003666,1
6000,fig-003667,1
6000,fig-007679,1
6014,fig-003511,1
6014,fig-003614,1
6014,fig-003654,1
6026,fig-004002,1
6026,fig-004003,1
6026,fig-004004,1
6026,fig-004005,1
6026,fig-004006,1
6026,fig-014070,2
6144,fig-003517,1
6144,fig-003518,1
6146,fig-000124,1
6146,fig-001257,2
6146,fig-001408,1
6146,fig-003785,1
6146,fig-003812,1
6146,fig-003861,1
6146,fig-003865,2
6146,fig-003935,1
6146,fig-003936,1
6146,fig-003937,1
6146,fig-003938,1
6146,fig-003941,1
6146,fig-003942,1
6146,fig-003943,1
6146,fig-003944,1
6151,fig-002330,6
6151,fig-003612,1
6151,fig-003798,1
6151,fig-004044,1
6151,fig-004051,1
6151,fig-004052,1
6151,fig-004053,1
6242,fig-002524,2
6242,fig-004054,1
6242,fig-004056,1
6242,fig-004057,1
6242,fig-004058,1
6242,fig-010442,1
6259,fig-003509,1
6259,fig-003536,1
6259,fig-003904,1
6259,fig-003905,3
6259,fig-003906,1
6259,fig-003907,1
6259,fig-010435,1
6259,fig-010440,1
6259,fig-010441,1
6312,fig-000163,2
6346,fig-001419,1
6346,fig-003618,1
6347,fig-003652,1
6347,fig-003653,1
6347,fig-010439,1
6409,fig-000124,1
6409,fig-002688,1
6409,fig-003817,1
6409,fig-003952,1
6409,fig-003953,1
6442,fig-000303,1
6442,fig-003733,1
6451,fig-000303,1
6451,fig-003711,1
6451,fig-003724,1
6456,fig-007680,1
6456,fig-007681,1
6509,fig-003612,2
6509,fig-003663,1
6509,fig-003664,1
6509,fig-003665,1
6509,fig-003666,1
6509,fig-003667,2
6547,fig-000507,1
6610,fig-000058,1
6610,fig-003975,1
6610,fig-003976,2
6638,fig-002330,2
6638,fig-004024,1
6638,fig-004043,1
6638,fig-004227,1
6638,fig-004228,1
6656,fig-003542,1
6656,fig-003543,2
6656,fig-003673,1
6656,fig-003674,2
6656,fig-003675,4
6701,fig-003536,1
6701,fig-003692,1
6701,fig-003693,1
6720,fig-002048,1
6720,fig-003735,1
6720,fig-003736,1
6720,fig-003737,1
6720,fig-003738,1
6720,fig-010451,2
6768,fig-004184,1
6768,fig-004185,1
6783,fig-003508,1
6783,fig-003612,2
6783,fig-003627,1
6885,fig-003642,2
6885,fig-003655,1
6981,fig-004230,1
6981,fig-004231,1
6981,fig-004232,1
6981,fig-004233,1
7018,fig-000058,1
7018,fig-003978,1
7018,fig-003979,1
7108,fig-000163,1
7108,fig-003697,3
7131,fig-004187,1
7131,fig-004189,1
7131,fig-004190,2
7156,fig-004225,1
7156,fig-004226,2
7294,fig-003518,1
7294,fig-003543,2
7294,fig-003639,1
7299,fig-003697,1
7299,fig-003758,1
7299,fig-003948,1
7299,fig-003949,1
7299,fig-003951,1
7399,fig-000504,1
7399,fig-001566,1
7399,fig-004061,1
7399,fig-004063,1
7401,fig-004068,1
7401,fig-004069,1
7401,fig-004070,1
7401,fig-004071,1
7451,fig-004063,1
7451,fig-004104,1
7451,fig-004105,1
7505,fig-004114,1
7505,fig-004115,1
7505,fig-004117,2
7579,fig-001137,1
7595,fig-000075,1
7595,fig-002687,1
7595,fig-002689,1
7595,fig-003832,1
7595,fig-003833,1
7595,fig-010450,1
7619,fig-003612,2
7636,fig-000553,1
7636,fig-003624,1
7742,fig-000874,1
7742,fig-002330,8
7742,fig-003793,1
7742,fig-003794,2
7754,fig-004024,2
7754,fig-004035,2
7793,fig-003855,1
7793,fig-003856,1
7793,fig-003857,1
7850,fig-000091,1
7850,fig-000166,1
7850,fig-000190,1
7850,fig-000270,1
7850,fig-000281,1
7850,fig-000874,1
7850,fig-003688,1
7850,fig-005758,1
7850,fig-010454,1
7850,fig-014070,1
7869,fig-001714,1
7869,fig-001889,2
7869,fig-001939,1
7869,fig-002514,1
7869,fig-002515,1
7869,fig-002516,1
7869,fig-002517,1
7869,fig-002518,1
7869,fig-002519,1
7869,fig-002520,2
7869,fig-002521,2
7869,fig-002522,1
7869,fig-002523,1
7869,fig-002524,2
7869,fig-002525,1
7869,fig-002526,1
7869,fig-002527,1
7869,fig-002528,1
7869,fig-002529,1
7869,fig-002530,1
7869,fig-010442,1
7869,fig-010443,1
7869,fig-010470,1
7972,fig-004012,1
7972,fig-004013,1
7972,fig-004014,1
7972,fig-004015,1
7972,fig-004016,1
8034,fig-001595,1
8034,fig-003517,1
8034,fig-003623,1
8076,fig-001227,1
8076,fig-004090,1
8076,fig-004091,1
8087,fig-003622,1
8169,fig-001940,1
8169,fig-004133,1
8169,fig-004180,1
8169,fig-010467,1
8182,fig-003612,1
8302,fig-002687,1
8302,fig-003688,1
8302,fig-003890,1
8302,fig-003891,1
8302,fig-003892,1
8345,fig-001235,1
8399,fig-002048,1
8399,fig-003732,1
8399,fig-003786,1
8399,fig-003787,1
8414,fig-003524,2
8414,fig-003525,1
8414,fig-003526,1
8447,fig-000124,1
8447,fig-003509,1
8447,fig-003537,1
8447,fig-003561,1
8447,fig-003562,1
8505,fig-001516,1
8505,fig-003672,1
8505,fig-010438,2
8613,fig-003504,1
8613,fig-003505,1
8613,fig-003506,2
8634,fig-003526,1
8634,fig-003608,1
8634,fig-003609,1
8666,fig-002330,12
8666,fig-003794,2
8666,fig-004113,1
8672,fig-003630,1
8672,fig-003631,1
8693,fig-003736,1
8693,fig-003858,1
8867,fig-000303,1
8867,fig-003612,2
8867,fig-003706,3
8867,fig-003765,1
8907,fig-001714,1
8907,fig-001810,1
8907,fig-002057,1
8907,fig-002544,1
8907,fig-002546,1
8907,fig-002547,1
8907,fig-002548,1
8937,fig-003527,1
8937,fig-003528,1
8937,fig-003529,1
8948,fig-003541,1
8948,fig-003542,1
8948,fig-003543,2
8948,fig-003544,2
8948,fig-003545,1
8948,fig-003546,1
8948,fig-010442,1
8955,fig-000312,1
8969,fig-001311,1
8974,fig-003667,2
8974,fig-003670,1
8974,fig-003671,1
8982,fig-001228,1
8987,fig-000303,6
8987,fig-000806,2
9002,fig-000142,1
9072,fig-001416,1
9103,fig-002047,1
9103,fig-003720,2
9103,fig-003721,1
9131,fig-004093,1
9131,fig-004094,1
9196,fig-000806,1
9216,fig-000601,1
9237,fig-003650,1
9237,fig-003651,1
9247,fig-003755,2
9247,fig-003756,3
9269,fig-003713,1
9269,fig-003958,1
9269,fig-004485,1
9275,fig-004078,1
9275,fig-004089,1
9275,fig-004104,1
9275,fig-004203,1
9275,fig-004204,1
9301,fig-001940,1
9301,fig-004076,1
9301,fig-004077,1
9419,fig-003527,1
9419,fig-003528,1
9419,fig-003529,1
9456,fig-000330,1
9480,fig-000115,1
9481,fig-001069,2
9636,fig-000516,1
9651,fig-004078,1
9693,fig-003798,1
9743,fig-003679,2
9743,fig-003725,2
9743,fig-003726,1
9809,fig-001595,1
9809,fig-003625,1
9809,fig-003637,1
9850,fig-001419,1
9850,fig-003530,1
9850,fig-003531,1
9850,fig-003532,1
9850,fig-003533,1
9928,fig-004086,1
9928,fig-014070,2
9935,fig-003824,1
9935,fig-003825,1
9956,fig-003724,1
9956,fig-003732,1
9956,fig-003822,1
9982,fig-003516,1
9982,fig-003614,1
9988,fig-001483,1
10054,fig-000238,1
10054,fig-003514,1
10054,fig-003515,1
10069,fig-001287,1
10075,fig-003511,1
10075,fig-003512,2
10213,fig-002473,1
10248,fig-000466,1
10248,fig-003776,1
10248,fig-003777,1
10262,fig-001096,1
10316,fig-003807,1
10316,fig-003837,1
10316,fig-004851,1
10316,fig-011198,1
10427,fig-003660,1
10473,fig-003772,1
10473,fig-003773,1
10473,fig-003774,1
10473,fig-003775,1
10517,fig-002689,1
10517,fig-003679,2
10517,fig-003826,1
10517,fig-003868,1
10517,fig-003869,1
10517,fig-003870,1
10517,fig-003871,1
10541,fig-000124,1
10541,fig-003929,1
10541,fig-003930,1
10541,fig-003931,1
10541,fig-003932,1
10541,fig-003933,1
10541,fig-003934,1
10541,fig-010452,1
10558,fig-001553,1
10558,fig-003895,1
10558,fig-003896,1
10558,fig-003897,1
10684,fig-002047,1
10684,fig-003669,1
10684,fig-003735,1
10696,fig-003755,1
10696,fig-003810,1
10696,fig-003844,1
10696,fig-003859,1
10696,fig-003860,1
10712,fig-003724,1
10712,fig-003732,1
10712,fig-003843,1
10712,fig-003844,1
10712,fig-003845,1
10712,fig-003847,1
10737,fig-003536,1
10737,fig-003732,1
10778,fig-001384,1
10838,fig-003516,1
10840,fig-000303,1
10847,fig-000238,1
10847,fig-003507,1
10860,fig-003971,1
10860,fig-003972,1
10860,fig-003973,1
10860,fig-003974,1
10988,fig-002330,2
10988,fig-003873,1
10988,fig-004053,1
10988,fig-004098,1
10988,fig-004100,1
10988,fig-004101,2
10988,fig-010443,1
11056,fig-004209,1
11056,fig-004210,1
11056,fig-004211,1
11056,fig-004212,2
11056,fig-004213,1
11153,fig-003690,1
11153,fig-003691,1
11241,fig-003613,1
11241,fig-003614,1
11241,fig-003643,1
11263,fig-003635,1
11263,fig-003636,1
11263,fig-010431,1
11287,fig-002507,1
11287,fig-003898,1
11287,fig-003900,1
11287,fig-003901,1
11345,fig-003754,3
11443,fig-004036,1
11443,fig-004038,2
11443,fig-004039,1
11538,fig-002086,1
11538,fig-002330,2
11538,fig-004035,1
11538,fig-012481,1
11566,fig-000196,1
11574,fig-002330,1
11574,fig-003612,1
11574,fig-004032,1
11574,fig-014070,2
11602,fig-003536,1
11602,fig-003724,1
11602,fig-003731,1
11602,fig-003732,1
11613,fig-000303,2
11613,fig-003781,1
11613,fig-003782,1
11658,fig-001404,1
11702,fig-002530,1
11702,fig-002681,2
11702,fig-002683,1
11702,fig-002684,1
11717,fig-003612,2
11717,fig-003647,2
11717,fig-012483,1
11723,fig-000281,1
11737,fig-003508,1
11737,fig-003526,1
11737,fig-003625,1
11737,fig-003626,1
11774,fig-001857,1
11774,fig-002045,1
11774,fig-002330,1
11774,fig-002524,1
11774,fig-002530,1
11774,fig-003963,1
11774,fig-004054,1
11774,fig-004169,1
11774,fig-004767,1
11774,fig-010469,1
11803,fig-000305,1
11846,fig-003515,1
11846,fig-003517,1
11846,fig-003624,1
11846,fig-003908,1
11846,fig-003910,1
11846,fig-003911,1
11846,fig-003912,1
11867,fig-003504,1
11867,fig-003505,1
11867,fig-003506,2
11878,fig-003783,1
11878,fig-003784,1
11878,fig-003785,1
11913,fig-002892,1
11913,fig-003932,1
11913,fig-003988,1
11913,fig-003989,1
11993,fig-000997,1
12011,fig-002057,1
12011,fig-002552,1
12061,fig-001579,1
12061,fig-004219,1
12061,fig-004220,1
12061,fig-004221,1
12074,fig-004151,1
12074,fig-004152,1
12074,fig-004153,1
12074,fig-004154,2
12074,fig-011288,2
12118,fig-010468,1
12135,fig-003612,1
12135,fig-003734,2
12145,fig-003632,1
12145,fig-003633,1
12145,fig-003634,1
12246,fig-003996,1
12246,fig-003997,1
12246,fig-003998,1
12481,fig-002506,2
12481,fig-003866,1
12481,fig-003867,1
12602,fig-004003,1
12602,fig-004029,1
12602,fig-004112,1
12644,fig-003508,1
12686,fig-003828,1
12714,fig-001519,1
12725,fig-003882,1
12725,fig-003883,1
12725,fig-003884,1
12786,fig-004095,2
12786,fig-004096,2
12807,fig-003686,1
12807,fig-003740,1
12807,fig-003741,1
12811,fig-000809,1
12811,fig-002687,1
12811,fig-002688,1
12811,fig-002689,1
12811,fig-002690,1
12814,fig-003754,2
12814,fig-003823,1
12823,fig-003513,2
12823,fig-003610,1
12848,fig-001940,2
12848,fig-003838,1
12848,fig-004121,1
12848,fig-004122,1
12848,fig-004123,1
12848,fig-004124,1
12848,fig-004125,1
12848,fig-004126,1
12848,fig-004127,1
12848,fig-004128,1
12848,fig-004129,1
12848,fig-004130,1
12848,fig-004131,1
12848,fig-004132,1
12848,fig-004133,1
12886,fig-004017,1
12886,fig-004018,1
12886,fig-004019,1
12886,fig-004020,1
12893,fig-000506,2
12893,fig-004063,1
12893,fig-004089,1
12929,fig-003559,1
12929,fig-003560,1
12956,fig-001407,1
12956,fig-002048,1
12956,fig-003926,1
13012,fig-000805,1
13027,fig-004191,1
13027,fig-004192,1
13027,fig-004193,1
13027,fig-004194,1
13296,fig-003613,1
13296,fig-003635,1
13296,fig-003644,1
13309,fig-000078,1
13309,fig-002330,2
13309,fig-003805,1
13309,fig-003806,1
13311,fig-000142,1
13311,fig-001940,2
13311,fig-004059,1
13311,fig-004060,1
13400,fig-003982,1
13400,fig-003983,1
13400,fig-003984,2
13417,fig-000768,1
13453,fig-001115,1
13471,fig-002544,1
13471,fig-004154,1
13471,fig-004234,1
13471,fig-004236,1
13554,fig-003508,1
13554,fig-003509,1
13557,fig-002473,1
13557,fig-004098,1
13557,fig-004134,1
13557,fig-004135,1
13557,fig-004137,1
13557,fig-010463,3
13585,fig-003516,1
13596,fig-000303,1
13596,fig-002048,1
13596,fig-003732,1
13604,fig-001553,1
13652,fig-001566,1
13652,fig-001817,1
13652,fig-004063,1
13686,fig-004138,1
13687,fig-003861,1
13687,fig-003862,1
13687,fig-003863,1
13687,fig-003865,1
13754,fig-002473,1
13754,fig-004031,1
13769,fig-000793,2
13769,fig-003662,1
13806,fig-000571,1
13856,fig-003965,1
13856,fig-003966,1
13856,fig-003967,1
13856,fig-003968,1
14020,fig-004015,1
14069,fig-003523,4
14069,fig-003640,2
14069,fig-003641,1
14069,fig-003642,1
14093,fig-000793,1
14093,fig-003660,1
14123,fig-003508,1
14123,fig-003509,1
14123,fig-003510,1
14153,fig-001408,1
14153,fig-002687,1
14153,fig-003902,1
14153,fig-003903,1
14196,fig-004181,1
14196,fig-004182,1
14196,fig-004183,1
14233,fig-000303,4
14233,fig-003739,1
14259,fig-000509,1
14337,fig-003612,1
14338,fig-003791,1
14338,fig-012430,1
14416,fig-000058,1
14426,fig-010453,1
14481,fig-001416,1
14481,fig-002687,1
14481,fig-003703,1
14481,fig-003704,2
14481,fig-003705,1
14496,fig-001419,1
14496,fig-003530,1
14496,fig-003531,1
14496,fig-003532,1
14496,fig-003533,1
14531,fig-002330,2
14531,fig-003728,2
14532,fig-004029,1
14532,fig-004030,1
14581,fig-001227,1
14596,fig-000124,1
14596,fig-003956,1
14596,fig-003960,1
14720,fig-002330,2
14720,fig-003707,1
14720,fig-003708,1
14720,fig-014064,1
14805,fig-003795,2
14805,fig-003796,1
14805,fig-003797,1
14828,fig-004078,1
14828,fig-004079,1
14837,fig-001552,1
14839,fig-003616,2
14839,fig-003617,1
14874,fig-001408,1
14982,fig-000196,1
14982,fig-003694,2
14982,fig-003695,2
15023,fig-004072,1
15023,fig-004074,1
15023,fig-004075,1
15042,fig-000003,1
15042,fig-000124,1
15042,fig-000516,1
15042,fig-002687,1
15042,fig-002688,1
15042,fig-002689,1
15042,fig-003545,1
15042,fig-003697,2
15042,fig-003799,1
15042,fig-003816,2
15042,fig-003817,1
15042,fig-003852,1
15042,fig-003952,1
15042,fig-003954,1
15042,fig-003955,2
15042,fig-003956,1
15042,fig-003957,1
15042,fig-003958,1
15042,fig-003960,1
15042,fig-010442,1
15042,fig-010448,1
15131,fig-003758,1
15131,fig-003848,1
15131,fig-003945,1
15131,fig-003946,1
15131,fig-003947,1
15160,fig-003548,1
15160,fig-003554,1
15160,fig-003555,1
15160,fig-003556,1
15240,fig-003508,1
15240,fig-003613,1
15240,fig-003614,1
15240,fig-003635,1
15240,fig-003636,1
15240,fig-003638,1
15240,fig-010431,1
15240,fig-010432,1
15240,fig-010433,1
15266,fig-002520,1
15266,fig-002681,2
15266,fig-002682,1
15299,fig-004020,1
15340,fig-000997,1
15340,fig-001419,1
15340,fig-003508,1
15340,fig-003509,1
15340,fig-003658,1
15340,fig-003659,1
15345,fig-000124,1
15345,fig-003534,1
15345,fig-003647,1
15345,fig-003648,2
15345,fig-003649,1
15348,fig-000506,1
15357,fig-003516,1
15357,fig-003517,1
15357,fig-003518,1
15463,fig-004027,1
15463,fig-004028,1
15469,fig-003929,1
15469,fig-004007,1
15469,fig-004008,1
15469,fig-004009,1
15469,fig-004010,1
15469,fig-004011,1
15507,fig-002047,1
15507,fig-002330,1
15507,fig-003732,1
15507,fig-003855,1
15507,fig-003873,1
15507,fig-003874,1
15616,fig-003624,1
15616,fig-003656,1
15616,fig-003657,1
15646,fig-003793,1
15646,fig-003877,1
15646,fig-003878,1
15646,fig-003879,1
15760,fig-000144,1
15760,fig-000509,1
15760,fig-002523,1
15760,fig-004065,3
15760,fig-004066,1
15760,fig-004067,1
15779,fig-003755,1
15779,fig-003788,1
15779,fig-003789,1
15779,fig-003790,1
15823,fig-003622,1
15823,fig-003661,1
15823,fig-003662,1
15849,fig-003999,1
15849,fig-004000,1
15849,fig-004001,1
15894,fig-001566,1
15894,fig-004087,1
15894,fig-004088,2
15999,fig-003508,1
15999,fig-003534,1
15999,fig-003535,1
16059,fig-003508,1
16059,fig-003526,1
16059,fig-003625,1
16059,fig-003626,1
16145,fig-003619,1
16145,fig-003620,1
16187,fig-003611,1
16187,fig-003612,6
16214,fig-000238,1
16277,fig-000553,1
16317,fig-004063,2
16317,fig-004097,2
16325,fig-004115,1
16325,fig-004146,1
16325,fig-004147,1
16325,fig-004148,1
16325,fig-004149,1
16325,fig-004150,1
16407,fig-000664,3
16407,fig-003622,1
16446,fig-004527,1
16446,fig-004528,1
16446,fig-004529,1
16446,fig-004530,1
16649,fig-002086,1
16649,fig-010443,1
16653,fig-002524,2
16653,fig-004240,2
16689,fig-001566,1
16761,fig-001912,1
16761,fig-004261,1
16761,fig-004262,1
16883,fig-001574,1
16927,fig-004202,1
17033,fig-001579,1
17036,fig-001580,1
17190,fig-001583,1
17194,fig-002524,1
17194,fig-004217,1
17194,fig-004253,1
17194,fig-004254,1
17194,fig-004255,1
17349,fig-004247,1
17349,fig-004248,1
17349,fig-004249,1
17984,fig-001939,1
17984,fig-002514,1
17984,fig-002523,1
17984,fig-004093,1
18045,fig-004172,1
18045,fig-004173,1
18099,fig-004078,1
18099,fig-004259,1
18099,fig-004260,1
18274,fig-000504,1
18274,fig-004061,1
18274,fig-004062,1
18274,fig-004063,1
18322,fig-004256,2
18322,fig-004257,1
18322,fig-004258,1
18340,fig-001714,1
18340,fig-004250,1
18340,fig-004251,1
18340,fig-004252,1
18351,fig-001607,1
18467,fig-001691,1
18467,fig-001810,1
18467,fig-002057,1
18467,fig-002544,1
18467,fig-004276,1
18468,fig-001714,1
18468,fig-002551,1
18468,fig-004269,2
18468,fig-004270,1
18483,fig-002517,1
18483,fig-004263,1
18483,fig-004264,1
18483,fig-010474,1
18484,fig-001892,1
18484,fig-002524,1
18484,fig-002556,1
18484,fig-002557,1
18484,fig-002558,1
18485,fig-001843,1
18485,fig-004184,1
18485,fig-004288,1
18485,fig-004289,1
18575,fig-004154,1
18575,fig-004241,1
18575,fig-011288,2
18576,fig-004171,1
18576,fig-004242,1
18576,fig-004243,1
18576,fig-004244,1
18577,fig-002330,2
18577,fig-004267,1
18577,fig-004268,1
18578,fig-001783,1
18578,fig-002517,1
18578,fig-004265,1
18578,fig-004266,1
18578,fig-010472,1
18578,fig-010473,1
18708,fig-004063,1
18708,fig-004104,1
18708,fig-004105,1
19275,fig-002528,1
19275,fig-002529,1
19670,fig-001714,1
19670,fig-001810,1
19670,fig-002057,1
19670,fig-002514,1
19670,fig-002544,1
19670,fig-002549,1
19670,fig-002550,1
19670,fig-002551,1
19670,fig-014404,2
19676,fig-002544,1
19676,fig-004245,1
19676,fig-004246,1
19677,fig-004115,1
19677,fig-004154,1
19677,fig-004277,1
19677,fig-004279,1
19678,fig-004271,1
19678,fig-004273,1
19678,fig-004274,1
19678,fig-011288,1
19679,fig-002552,1
19679,fig-004220,1
19679,fig-004231,1
19679,fig-006235,1
19679,fig-006236,1
19679,fig-006239,1
19679,fig-006240,1
19679,fig-011288,1
19680,fig-004297,1
19680,fig-004298,1
19680,fig-004299,1
19680,fig-004300,1
19680,fig-004302,1
19681,fig-004287,1
19681,fig-004293,1
19681,fig-004295,1
19681,fig-004296,1
19681,fig-011288,1
19682,fig-004271,1
19682,fig-004282,1
19682,fig-004290,1
19682,fig-004291,1
19682,fig-004292,1
19682,fig-010476,1
19682,fig-011288,1
19689,fig-002544,1
19722,fig-001632,1
20581,fig-003829,1
20850,fig-001658,1
21602,fig-002527,1
21602,fig-004311,1
21602,fig-004312,1
21602,fig-004314,1
21711,fig-001714,1
21712,fig-001715,1
21713,fig-004286,1
21713,fig-004287,1
21714,fig-004284,1
21714,fig-004285,1
21715,fig-004115,1
21715,fig-004282,1
21715,fig-004283,2
21716,fig-003499,1
21716,fig-004093,1
21716,fig-004160,1
21716,fig-004161,1
21717,fig-004027,1
21717,fig-004162,1
21718,fig-004280,1
21718,fig-004281,1
21718,fig-014403,1
21719,fig-002544,1
21719,fig-004315,1
21719,fig-004316,1
21719,fig-010658,1
21720,fig-004120,2
21720,fig-004519,1
21720,fig-004520,1
21720,fig-004521,1
21721,fig-004501,1
21721,fig-004502,1
22740,fig-001407,4
22741,fig-003755,2
22741,fig-003756,3
22742,fig-002330,2
22742,fig-003728,2
23057,fig-001735,1
23078,fig-004329,1
23078,fig-004330,1
23078,fig-004331,1
23078,fig-004332,1
23078,fig-004333,1
23078,fig-004334,1
23078,fig-004335,1
23233,fig-004505,1
23233,fig-004506,1
23233,fig-004507,2
23309,fig-001580,1
23655,fig-003504,1
23655,fig-003505,1
23655,fig-003506,2
23656,fig-003504,1
23656,fig-003505,1
23656,fig-003506,2
23731,fig-003690,1
23731,fig-003839,1
23731,fig-003840,1
23731,fig-003841,1
24049,fig-004158,1
24049,fig-004159,1
24143,fig-001780,1
24175,fig-004340,1
24175,fig-004341,1
24176,fig-004308,1
24176,fig-004309,1
24176,fig-004310,2
24177,fig-004303,1
24177,fig-004304,1
24178,fig-004336,1
24178,fig-004337,1
24178,fig-004338,1
24178,fig-004339,1
24228,fig-004305,1
24228,fig-004306,1
24228,fig-004307,1
24317,fig-003754,3
24345,fig-001783,1
24375,fig-003679,2
24375,fig-003826,1
24375,fig-003827,1
24544,fig-003679,2
24544,fig-003725,2
24544,fig-003726,1
24565,fig-010477,1
24816,fig-004114,1
24816,fig-004115,1
24816,fig-004117,2
25488,fig-001800,1
25489,fig-001801,1
25515,fig-004351,1
25515,fig-004517,1
25515,fig-004518,1
25515,fig-010478,1
25516,fig-002330,1
25516,fig-004240,1
25516,fig-004245,1
25516,fig-004263,1
25516,fig-004269,1
25516,fig-005103,1
25516,fig-005104,1
25517,fig-003831,1
25517,fig-010443,1
25518,fig-004284,1
25518,fig-004290,1
25518,fig-004293,1
25518,fig-004325,2
25519,fig-004317,1
25519,fig-004318,1
25519,fig-004319,1
25519,fig-010443,1
25520,fig-001939,1
25520,fig-003499,1
25520,fig-004161,1
25520,fig-004163,1
25520,fig-004164,1
25520,fig-004165,1
25521,fig-001580,1
25521,fig-002523,1
25521,fig-004353,1
25521,fig-004355,1
25521,fig-010443,1
25532,fig-001810,1
25642,fig-004321,1
25642,fig-004322,1
25642,fig-004323,2
25642,fig-004324,1
25643,fig-004356,1
25643,fig-004357,1
25643,fig-004358,1
25643,fig-004359,1
25643,fig-004360,1
26179,fig-004330,1
26179,fig-004335,1
26220,fig-010475,1
26366,fig-001817,1
26559,fig-004326,1
26559,fig-004327,1
26559,fig-004328,1
26988,fig-001843,1
27218,fig-001714,1
27218,fig-002045,1
27218,fig-002514,1
27218,fig-002515,1
27218,fig-002524,2
27218,fig-003802,2
27218,fig-004244,1
27218,fig-004252,1
27218,fig-004344,1
27218,fig-004345,1
27218,fig-004346,1
27218,fig-004347,1
27218,fig-004348,1
27218,fig-004349,1
27218,fig-004350,1
27218,fig-004351,1
27218,fig-004352,1
27218,fig-010443,1
27297,fig-014402,1
28065,fig-004482,1
28708,fig-002515,1
28708,fig-002521,2
28708,fig-004437,1
28708,fig-004439,1
28708,fig-010479,1
30053,fig-004508,1
30053,fig-004509,1
30053,fig-004511,1
30053,fig-004512,1
30054,fig-002514,1
30054,fig-004166,1
30054,fig-010443,1
30055,fig-004413,1
30055,fig-004417,1
30055,fig-004418,1
30055,fig-010481,1
30056,fig-002086,1
30056,fig-004042,1
30056,fig-004168,2
30057,fig-001714,1
30057,fig-004168,2
30057,fig-004414,1
30057,fig-004416,1
30058,fig-004412,1
30058,fig-004413,1
30058,fig-010443,1
30066,fig-001912,1
30067,fig-002089,1
30067,fig-004342,1
30067,fig-004343,2
30067,fig-010480,1
30068,fig-002514,1
30068,fig-004247,1
30091,fig-001913,1
30093,fig-002057,1
30093,fig-002542,1
30677,fig-001579,1
30677,fig-003804,1
30938,fig-001939,1
31049,fig-000516,1
32286,fig-003669,1
32306,fig-004182,1
32306,fig-004242,1
32306,fig-004361,1
32306,fig-004425,1
32306,fig-004426,1
32307,fig-001913,1
32307,fig-004480,1
32307,fig-004481,1
32308,fig-004412,1
32308,fig-004472,1
32308,fig-004474,1
32308,fig-004476,1
32309,fig-002330,1
32309,fig-004416,1
32309,fig-004503,1
32309,fig-004504,1
32309,fig-012480,1
32310,fig-004411,3
32310,fig-004498,1
32310,fig-004499,1
32648,fig-003690,1
32648,fig-003691,1
32739,fig-004403,1
32739,fig-004404,1
32739,fig-004405,1
32739,fig-004406,1
32740,fig-004428,1
32740,fig-004429,1
32740,fig-004431,1
32741,fig-004408,2
32741,fig-004432,1
32741,fig-004434,1
32741,fig-004435,1
32741,fig-010482,1
32742,fig-004408,1
32742,fig-004409,1
32743,fig-003941,1
32743,fig-004410,1
34668,fig-002514,1
34668,fig-003804,1
34668,fig-004419,1
34668,fig-004421,1
34668,fig-004422,1
34668,fig-010443,1
35087,fig-002330,2
35087,fig-003668,1
35087,fig-003729,1
35087,fig-003742,1
35205,fig-004244,1
36078,fig-000581,1
36159,fig-004483,1
36159,fig-004484,1
36159,fig-010456,1
36163,fig-001566,1
36328,fig-003680,1
36328,fig-003681,1
36328,fig-003682,1
36328,fig-003683,1
36328,fig-003684,1
37032,fig-001939,1
37032,fig-003501,1
37032,fig-003502,1
37032,fig-003503,1
37033,fig-002514,1
37033,fig-003499,1
37033,fig-003500,1
37706,fig-001714,1
37706,fig-002089,1
37706,fig-002330,1
37706,fig-002686,1
37706,fig-003802,1
37706,fig-003803,1
37706,fig-003804,1
37706,fig-010479,1
37706,fig-010483,1
37706,fig-014401,1
37855,fig-002066,1
39237,fig-002086,1
39238,fig-002685,1
39238,fig-002686,1
39239,fig-004448,1
39239,fig-004449,1
39240,fig-002116,1
39240,fig-004362,1
39240,fig-004445,1
39240,fig-004447,1
39241,fig-002544,1
39241,fig-004440,1
39241,fig-004442,1
39241,fig-004443,1
39242,fig-004460,1
39242,fig-004461,1
39242,fig-004463,1
39242,fig-004464,1
39243,fig-002089,1
39243,fig-004453,1
39243,fig-004454,1
39243,fig-004455,1
39243,fig-004456,1
39243,fig-004457,1
39244,fig-001714,1
39244,fig-002514,1
39244,fig-004450,1
39244,fig-004451,1
39244,fig-004452,1
39244,fig-010443,1
39839,fig-002089,1
39881,fig-004467,1
39881,fig-004471,1
40250,fig-010443,1
40250,fig-010484,1
40250,fig-010485,1
41581,fig-004411,1
41581,fig-004417,1
41581,fig-004418,1
41581,fig-010481,1
41582,fig-004411,1
41582,fig-004412,1
41582,fig-010443,1
42301,fig-004305,1
42301,fig-004306,1
42301,fig-004307,1
42302,fig-004305,1
42302,fig-004306,1
42302,fig-004307,1
42439,fig-002104,1
42440,fig-003501,1
42440,fig-004500,1
42441,fig-004454,1
42441,fig-004495,2
42441,fig-004496,1
42442,fig-004408,1
42442,fig-004493,1
42443,fig-004491,1
42443,fig-004492,1
42444,fig-001715,1
42444,fig-004452,1
42444,fig-004487,1
42445,fig-002149,1
42445,fig-003503,1
42445,fig-004489,1
42445,fig-004490,1
42522,fig-002116,1
42850,fig-004522,1
42850,fig-004523,1
42850,fig-004525,1
42850,fig-004526,1
44034,fig-004036,1
44034,fig-004038,2
44034,fig-004039,1
44860,fig-001595,1
44860,fig-003625,1
44860,fig-003637,1
45984,fig-003545,1
45984,fig-003546,1
45984,fig-003799,1
45984,fig-003955,2
45984,fig-009101,2
45984,fig-010442,1
45984,fig-015006,1
47393,fig-004464,1
47393,fig-010525,1
47393,fig-010527,1
47393,fig-010528,1
47393,fig-010529,1
47513,fig-010443,1
47513,fig-010444,1
49258,fig-000664,3
49258,fig-003622,1
50116,fig-002330,2
50116,fig-010291,3
50116,fig-010292,1
53476,fig-004297,1
53476,fig-004298,1
53476,fig-004299,1
53476,fig-004300,1
53476,fig-004301,1
54485,fig-008021,1
54981,fig-004342,1
58800,fig-004412,1
58800,fig-010299,1
58800,fig-010385,1
58800,fig-010386,1
58800,fig-010387,1
58800,fig-010388,1
61432,fig-000124,1
61432,fig-003929,1
61432,fig-003930,1
61432,fig-003931,1
61432,fig-003932,1
61432,fig-003933,1
61432,fig-003934,1
61432,fig-010452,1
63035,fig-000303,1
63035,fig-000806,1
63035,fig-003711,1
67067,fig-004168,2
67067,fig-010294,1
67067,fig-010295,1
67069,fig-001939,1
67069,fig-002330,1
67069,fig-004411,1
67069,fig-004440,1
67069,fig-004454,1
67069,fig-010545,1
67069,fig-010547,1
67069,fig-010659,1
67069,fig-010660,1
67069,fig-011642,1
67069,fig-014400,1
67071,fig-003503,1
67071,fig-010293,1
67072,fig-004440,1
67072,fig-010296,1
67072,fig-010297,1
67074,fig-004027,1
67074,fig-004492,1
67074,fig-010310,1
67075,fig-002521,2
67075,fig-002530,1
67075,fig-010301,1
67075,fig-010302,1
67076,fig-010305,1
67076,fig-010306,1
67076,fig-010307,1
67076,fig-010308,1
67436,fig-003612,2
67436,fig-003663,1
67436,fig-003664,1
67436,fig-003665,1
67436,fig-003666,1
67436,fig-003667,2
68526,fig-002687,1
68526,fig-003688,1
68526,fig-003890,1
68526,fig-003891,1
68526,fig-003892,1
69043,fig-002048,1
69043,fig-003735,1
69043,fig-003736,1
69043,fig-003737,1
69043,fig-003738,1
69043,fig-010451,2
69660,fig-004413,1
70165,fig-004349,1
70165,fig-010304,1
71805,fig-002473,1
72096,fig-003519,1
72096,fig-003547,1
72096,fig-003548,1
72096,fig-003549,1
72096,fig-003550,1
72096,fig-003551,1
72096,fig-003552,1
72096,fig-003553,1
72798,fig-003696,1
72798,fig-010429,1
72800,fig-003516,1
72800,fig-003517,1
72800,fig-010430,1
72822,fig-003536,1
72822,fig-003904,1
72822,fig-003905,3
72822,fig-003906,1
72822,fig-003907,1
72822,fig-010435,1
72822,fig-010440,1
72822,fig-010441,1
72822,fig-010445,1
72823,fig-002689,1
72823,fig-003536,1
72823,fig-003904,1
72823,fig-003905,3
72823,fig-003906,1
72823,fig-003907,1
72823,fig-010435,1
72823,fig-010440,1
72823,fig-010441,1
72826,fig-000196,1
72826,fig-003697,2
72826,fig-010447,2
73345,fig-001714,1
73345,fig-001939,1
73345,fig-002514,1
73345,fig-002527,1
73345,fig-002685,1
73345,fig-003499,1
73345,fig-003503,1
73345,fig-004065,3
73345,fig-004311,1
73345,fig-004312,1
73345,fig-010673,1
73345,fig-010674,1
73345,fig-010675,1
73345,fig-010676,1
73345,fig-010677,1
73345,fig-010678,1
73345,fig-010680,1
73345,fig-010681,1
73345,fig-010684,1
74650,fig-010525,1
75701,fig-010697,1
76913,fig-001529,1
77007,fig-004349,1
78553,fig-003612,7
79730,fig-003501,1
79730,fig-010525,1
79730,fig-010856,1
80073,fig-003503,1
80073,fig-004422,1
80073,fig-010860,1
80073,fig-010861,1
80074,fig-010857,1
80074,fig-010858,1
80074,fig-010859,1
80075,fig-002527,1
80641,fig-003758,1
80641,fig-003848,1
80641,fig-003945,1
80641,fig-003946,1
80641,fig-003947,1
82796,fig-002330,2
82796,fig-002473,1
82796,fig-003873,1
82796,fig-004053,1
82796,fig-004098,1
82796,fig-004100,1
82796,fig-004101,2
86846,fig-004523,1
87004,fig-004428,1
87004,fig-011123,1
87005,fig-010388,1
87005,fig-011124,1
87007,fig-002530,1
87007,fig-011126,1
87007,fig-011127,1
91155,fig-010302,1
91631,fig-002527,1
96051,fig-003523,4
96190,fig-003645,1
96190,fig-003646,1
98037,fig-003503,1
99533,fig-011619,1
99533,fig-011620,1
99533,fig-011621,1
99533,fig-011622,1
99533,fig-011623,1
99533,fig-011641,1
101209,fig-002089,2
101209,fig-004154,1
101209,fig-004241,1
101210,fig-002089,1
101210,fig-004271,1
101210,fig-004273,1
101210,fig-004274,1
102099,fig-010304,1
102099,fig-011611,1
102531,fig-010294,1
102531,fig-011632,1
102533,fig-011638,1
102533,fig-011639,1
102533,fig-011640,1
104168,fig-004428,1
104168,fig-004440,1
104362,fig-011634,1
104362,fig-011635,1
104362,fig-011636,1
104362,fig-011637,1
104363,fig-004463,1
104363,fig-010525,1
104363,fig-010856,1
104363,fig-011624,1
104363,fig-011625,1
104363,fig-011626,1
104364,fig-010856,1
104364,fig-011633,1
105559,fig-003501,1
105559,fig-010527,1
105559,fig-010529,1
105559,fig-010859,1
105559,fig-011726,1
105559,fig-011727,1
106123,fig-011630,1
106123,fig-011631,1
106827,fig-004454,1
107472,fig-011723,1
107472,fig-011724,1
107472,fig-011725,1
109952,fig-003848,1
109952,fig-003849,1
109952,fig-003850,1
113751,fig-003795,2
113751,fig-003796,1
113751,fig-003797,1
116964,fig-010388,1
116964,fig-010861,1
116964,fig-011940,1
116964,fig-011941,1
116964,fig-011942,1
116964,fig-011944,1
116964,fig-011945,1
116964,fig-011946,1
116964,fig-011957,1
117572,fig-011940,1
117572,fig-011945,1
117572,fig-011957,1
117572,fig-012151,1
117573,fig-012154,1
117573,fig-012155,1
117573,fig-012156,1
117573,fig-012475,1
118781,fig-011723,1
118904,fig-011630,1
118904,fig-012152,2
118905,fig-012148,1
118905,fig-012149,1
118905,fig-012150,1
121794,fig-011945,1
122276,fig-003769,1
122277,fig-001416,1
123113,fig-003612,1
123113,fig-003734,2
125482,fig-011625,3
125482,fig-012331,1
126044,fig-000664,1
126421,fig-000003,1
126421,fig-000124,1
126421,fig-000516,1
126421,fig-002687,1
126421,fig-002688,1
126421,fig-002689,1
126421,fig-003545,1
126421,fig-003697,2
126421,fig-003799,1
126421,fig-003816,2
126421,fig-003852,1
126421,fig-003952,1
126421,fig-003954,1
126421,fig-003955,2
126421,fig-003957,1
126421,fig-003958,1
126421,fig-003960,1
126421,fig-010442,1
126421,fig-010448,1
126421,fig-012291,1
126421,fig-012292,1
127235,fig-010525,1
127235,fig-012674,1
127235,fig-012675,1
127236,fig-011633,1
127236,fig-012356,1
127236,fig-012357,1
127236,fig-012358,1
127236,fig-012359,1
127236,fig-012360,1
127236,fig-012361,1
128705,fig-010291,1
131557,fig-001714,1
131557,fig-004417,1
131557,fig-012567,1
131557,fig-012568,1
131557,fig-012570,1
131557,fig-012571,1
131559,fig-004305,1
131559,fig-012564,1
131559,fig-012565,1
131823,fig-003792,1
131823,fig-012402,1
132315,fig-002330,2
132315,fig-012578,1
132315,fig-012579,1
132315,fig-012580,2
132604,fig-003780,1
132604,fig-012423,1
132604,fig-012425,1
133320,fig-003807,1
133320,fig-003836,1
133320,fig-003837,1
133320,fig-011198,1
134475,fig-001939,1
134475,fig-012591,1
135038,fig-012588,1
135422,fig-003501,1
135499,fig-003732,1
135499,fig-016710,1
138313,fig-012921,1
138313,fig-012922,1
138313,fig-012924,1
138317,fig-011619,1
138317,fig-011624,1
138317,fig-012918,1
138317,fig-012920,1
138319,fig-010525,1
138319,fig-013153,1
138319,fig-013154,1
138319,fig-013155,1
138320,fig-012950,1
138320,fig-012952,1
138320,fig-012953,1
138321,fig-012925,1
138321,fig-012927,1
138321,fig-012928,1
138321,fig-012929,1
138323,fig-012936,1
138323,fig-012937,1
138323,fig-012938,1
138323,fig-012939,1
138324,fig-002330,3
138324,fig-012941,1
138324,fig-012944,3
138324,fig-012945,1
138324,fig-014452,1
138325,fig-012946,1
138325,fig-012947,1
138325,fig-012948,1
138327,fig-002330,1
138327,fig-011124,1
138327,fig-011630,1
138327,fig-011944,1
138327,fig-013050,1
138327,fig-013052,1
138327,fig-013054,1
140691,fig-004178,1
141431,fig-011632,1
143224,fig-000124,1
143224,fig-003679,2
143224,fig-003698,1
143224,fig-003699,1
143224,fig-003700,1
143224,fig-003701,1
143224,fig-003702,1
145318,fig-011640,1
147650,fig-002892,1
147650,fig-003932,1
147650,fig-003988,1
147650,fig-003989,1
150255,fig-013394,1
150256,fig-013395,1
150256,fig-013396,2
150256,fig-013397,1
150257,fig-013733,1
150257,fig-013734,1
150258,fig-013443,1
150258,fig-013445,1
150258,fig-013446,1
150258,fig-013447,1
150259,fig-013735,1
150259,fig-013736,1
150259,fig-013737,1
150259,fig-013738,1
150263,fig-013445,1
150263,fig-013740,1
150263,fig-013742,1
150264,fig-013743,1
150264,fig-013745,1
150264,fig-013747,1
150265,fig-014306,1
150265,fig-014307,2
150265,fig-014309,1
150265,fig-014311,1
150266,fig-012571,1
150266,fig-013748,1
153443,fig-004422,1
157699,fig-003612,2
157699,fig-003647,2
157699,fig-012483,1
159777,fig-011124,1
163670,fig-011639,1
165897,fig-000058,1
165897,fig-000332,1
165897,fig-000338,1
165897,fig-000466,1
165897,fig-000796,1
165897,fig-001257,1
165897,fig-002330,1
165897,fig-003800,1
165897,fig-003801,1
166447,fig-012944,1
168367,fig-010525,1
168367,fig-013735,1
169248,fig-010525,1
169248,fig-013735,1
169248,fig-014196,1
169550,fig-001715,1
170492,fig-002330,1
170492,fig-003612,1
170492,fig-004032,1
170492,fig-014070,2
171050,fig-013886,1
171050,fig-013887,1
171050,fig-013888,1
171050,fig-014453,1
172532,fig-003861,1
172532,fig-003862,1
172532,fig-003863,1
172532,fig-003865,1
173032,fig-000303,1
173032,fig-002330,1
173032,fig-003668,1
173032,fig-003729,1
173032,fig-013702,1
173450,fig-013706,1
175677,fig-014138,1
176543,fig-014190,1
176544,fig-014188,1
176545,fig-014187,1
177959,fig-001714,1
177959,fig-012570,1
177959,fig-012571,1
177959,fig-014199,1
177959,fig-014202,1
177959,fig-014203,1
177959,fig-014204,1
177959,fig-014205,1
177959,fig-014206,1
177959,fig-014207,1
177959,fig-014209,1
177959,fig-014210,1
177965,fig-002330,1
177965,fig-012918,1
177965,fig-012944,1
177965,fig-014266,1
177965,fig-014267,1
177965,fig-014273,1
177965,fig-014274,1
177965,fig-014353,1
177967,fig-012571,1
177967,fig-014192,1
177970,fig-014193,2
177970,fig-014194,1
177970,fig-014195,1
179400,fig-001516,1
180086,fig-010527,1
182098,fig-014294,1
182098,fig-014295,1
182098,fig-014296,1
182098,fig-014297,1
182098,fig-014298,1
183176,fig-001714,1
183201,fig-014290,1
183201,fig-014291,1
183201,fig-014292,1
183201,fig-014293,1
183202,fig-014312,1
183202,fig-014313,1
183202,fig-014314,1
183202,fig-014315,1
183202,fig-014316,1
186353,fig-014187,1
187207,fig-000064,1
188761,fig-001714,1
188761,fig-004428,1
188761,fig-014376,1
188761,fig-014377,1
188761,fig-014399,1
190194,fig-012570,1
190194,fig-014350,1
190286,fig-014391,1
190286,fig-014392,1
199672,fig-003734,1
199672,fig-014307,1
199672,fig-014662,3
199672,fig-014663,1
199672,fig-014665,3
199673,fig-010994,1
199673,fig-010995,1
199673,fig-010996,1
202313,fig-013736,1
206012,fig-001287,1
207668,fig-013742,1
207911,fig-012571,1
207911,fig-014799,1
207912,fig-013445,1
207912,fig-014209,2
207912,fig-014802,1
207912,fig-014804,1
207912,fig-014805,1
207912,fig-014806,1
211587,fig-014307,1
216431,fig-001714,1
216658,fig-010525,1
216658,fig-014992,1
216658,fig-014993,2
217764,fig-014987,1
217764,fig-014988,1
217764,fig-014990,1
217764,fig-014991,1
219214,fig-015004,1
219839,fig-002330,6
219839,fig-014965,2
219841,fig-014986,1
219841,fig-015005,1
222146,fig-014293,1
222146,fig-014665,1
222146,fig-014993,1
222146,fig-015064,1
222146,fig-015455,1
222146,fig-015457,1
222148,fig-015062,1
222148,fig-015063,1
222148,fig-015064,2
222149,fig-014392,1
222150,fig-010861,1
222695,fig-015065,1
222695,fig-015066,1
222695,fig-015067,2
222820,fig-014190,1
222820,fig-014802,1
222820,fig-015311,1
222820,fig-015312,1
222820,fig-015313,1
222820,fig-015314,1
222820,fig-015315,1
224153,fig-013397,1
228452,fig-015337,1
228452,fig-015339,1
228452,fig-015340,1
228452,fig-015341,1
228452,fig-015343,1
228452,fig-015345,1
228453,fig-013737,1
228453,fig-015316,1
228453,fig-015317,1
228453,fig-015318,1
228453,fig-015319,1
229596,fig-015321,1
229596,fig-015322,1
229692,fig-012591,1
229959,fig-015326,1
229959,fig-015327,1
229959,fig-015328,1
229959,fig-015329,1
229959,fig-015330,1
229960,fig-001714,1
229960,fig-014188,1
229960,fig-015305,1
229960,fig-015306,1
229960,fig-015308,1
229960,fig-015309,1
231326,fig-003793,1
231326,fig-003879,1
231326,fig-015283,1
231326,fig-015285,1
231703,fig-014190,1
232327,fig-000075,1
232327,fig-002687,1
232327,fig-002689,1
232327,fig-010450,1
232327,fig-015288,1
232327,fig-015289,1
232736,fig-015674,1
233437,fig-015323,1
233437,fig-015324,1
233437,fig-015325,1
234032,fig-015331,1
234032,fig-015332,1
234032,fig-015333,1
234032,fig-015334,1
234032,fig-015335,1
235779,fig-014662,1
237019,fig-003999,1
237019,fig-004000,1
237019,fig-004001,1
240010,fig-013737,1
241337,fig-004008,1
241337,fig-012570,1
241337,fig-015573,1
241337,fig-015574,1
241337,fig-015575,1
241337,fig-015576,1
241337,fig-015577,1
241337,fig-015578,1
241337,fig-015579,1
241337,fig-015584,1
241358,fig-014187,1
241358,fig-014209,1
241358,fig-014802,1
241358,fig-014804,1
241358,fig-015551,1
241358,fig-015552,1
241358,fig-015553,1
246263,fig-001714,1
246263,fig-001810,1
246263,fig-002057,1
246263,fig-002514,1
246263,fig-002544,1
246263,fig-002549,1
246263,fig-002550,1
246263,fig-002551,1
246263,fig-014404,2
249828,fig-015719,1
249828,fig-015720,1
249828,fig-015722,1
249830,fig-010525,1
249830,fig-015729,1
249830,fig-015880,1
250898,fig-010525,1
251446,fig-015723,1
251446,fig-015724,1
251446,fig-015726,1
251446,fig-015727,1
253771,fig-003538,1
253771,fig-003676,1
253771,fig-003677,2
253771,fig-003678,1
253771,fig-003679,2
253771,fig-010446,1
254260,fig-015065,1
259641,fig-016016,1
260690,fig-014987,1
260690,fig-014990,1
260690,fig-014991,1
260690,fig-016019,1
264247,fig-015067,1
268688,fig-015064,1
272468,fig-016240,3
272469,fig-016249,1
272469,fig-016251,1
272473,fig-014294,1
272475,fig-016241,1
272475,fig-016242,1
272475,fig-016243,1
272475,fig-016244,1
272828,fig-016241,1
274963,fig-014665,1
274963,fig-015720,1
274963,fig-016758,1
274963,fig-016759,1
274963,fig-016760,1
274963,fig-016761,1
274963,fig-016762,1
274963,fig-016763,1
274963,fig-016764,1
274963,fig-016765,1
274963,fig-016766,1
274963,fig-016768,1
274963,fig-016769,1
274963,fig-016770,1
275178,fig-016445,1
275179,fig-016487,1
275180,fig-015330,1
275180,fig-016443,1
275180,fig-016444,2
275585,fig-003512,1
277436,fig-013735,1
282386,fig-010861,1
284397,fig-014293,1
284678,fig-016689,1
284679,fig-016249,1
284679,fig-016669,1
284679,fig-016670,1
284680,fig-002330,6
284680,fig-014965,1
284680,fig-016601,1
284680,fig-016602,1
284680,fig-016603,3
284681,fig-002330,3
284681,fig-016592,1
284681,fig-016593,3
284681,fig-016594,1
284704,fig-016620,1
284704,fig-016621,1
284704,fig-016623,1
284881,fig-014665,3
284881,fig-016587,1
284881,fig-016588,3
284882,fig-016605,1
284882,fig-016606,1
284882,fig-016607,1
285213,fig-016714,1
287284,fig-015723,1
287284,fig-015724,1
287284,fig-015726,1
287284,fig-015727,1
289484,fig-001714,1
289484,fig-001939,1
289484,fig-002514,1
289484,fig-002527,1
289484,fig-002685,1
289484,fig-003499,1
289484,fig-003503,1
289484,fig-004065,3
289484,fig-004311,1
289484,fig-004312,1
289484,fig-010673,1
289484,fig-010674,1
289484,fig-010675,1
289484,fig-010676,1
289484,fig-010677,1
289484,fig-010678,1
289484,fig-010680,1
289484,fig-010681,1
289484,fig-010684,1
291493,fig-014987,1
295005,fig-016875,1
295546,fig-001714,1
295546,fig-010442,1
295546,fig-012570,1
295546,fig-012571,1
295546,fig-013445,1
295546,fig-013742,1
295546,fig-014802,1
295546,fig-015311,1
295546,fig-015313,1
295546,fig-016889,1
295546,fig-016890,1
295546,fig-016892,1
295546,fig-016893,1
295546,fig-016894,1
295546,fig-016896,1
295546,fig-016897,1
295546,fig-016899,1
295546,fig-016900,1
295546,fig-016901,1
295546,fig-016903,1
295546,fig-016906,1
295546,fig-016907,1
295546,fig-016908,1
295546,fig-016909,1
295546,fig-016910,1
295546,fig-016911,1
295546,fig-016912,1
295546,fig-016913,1
295546,fig-016915,1
295546,fig-016916,1
295546,fig-016918,2
295546,fig-016920,1
295546,fig-016921,1
295546,fig-016922,1
295546,fig-016923,1
295546,fig-016924,1
295546,fig-016925,1
295546,fig-016926,1
295546,fig-016931,1
295547,fig-016925,1
295547,fig-016926,1
295547,fig-016933,1
295804,fig-016817,1
296784,fig-000259,1
297571,fig-001714,1
297571,fig-002514,1
297571,fig-004450,1
297571,fig-004451,1
297571,fig-004452,1
297571,fig-010443,1
299860,fig-014307,1
308146,fig-017261,1
308399,fig-010525,1
308399,fig-017161,1
308400,fig-017323,1
308400,fig-017324,1
308402,fig-014307,1
308403,fig-014194,2
308403,fig-017325,1
308403,fig-017326,1
311470,fig-016606,1
313988,fig-014209,1
313988,fig-017459,1
313989,fig-017457,1
313989,fig-017459,1
313989,fig-017461,1
313989,fig-017463,2
313989,fig-017465,1
313990,fig-014802,1
313990,fig-017468,1
313990,fig-017470,1
313990,fig-017471,1
313990,fig-017472,1
317082,fig-016443,1
318170,fig-017481,1
318170,fig-017482,1
318170,fig-017520,1
318171,fig-017488,1
318171,fig-017489,1
318171,fig-017491,1
318172,fig-004065,2
318172,fig-017507,1
318172,fig-017509,1
318172,fig-017510,1
318173,fig-017498,1
318173,fig-017500,1
318173,fig-017502,1
318173,fig-017503,1
318174,fig-017503,1
318174,fig-017504,1
318174,fig-017505,1
321122,fig-017554,1
321122,fig-017568,1
321122,fig-017571,1
321123,fig-017552,1
321124,fig-017552,1
321124,fig-017567,1
321124,fig-017568,1
321124,fig-017569,1
321124,fig-017570,1
321125,fig-017538,1
321125,fig-017539,1
321125,fig-017540,1
321366,fig-017552,1
324095,fig-015726,1
327763,fig-014192,1
327764,fig-014190,1
330447,fig-015722,1
331774,fig-017554,1
331774,fig-017573,1
333128,fig-016603,1
335244,fig-003612,2
335244,fig-003663,1
335244,fig-003665,1
335244,fig-003666,1
335244,fig-003667,1
335244,fig-007679,1
337443,fig-016670,1
337539,fig-004024,2
337539,fig-004035,2
339317,fig-016588,1
